{
  "source_shape": [
    64,
    64,
    64
  ],
  "target_shape": [
    64,
    64,
    64
  ],
  "source_max_trials": 24,
  "target_max_trials": 8,
  "num_trials_per_iter": 4,
  "cost_model": "xgb",
  "transfer_top_k": 3,
  "transfer_min_similarity": 0.1,
  "transfer_warmstart_limit": 1,
  "transfer_enable_max_trials": 0,
  "mcts_max_children_per_node": 4,
  "mcts_expansion_candidates": 4,
  "mcts_use_measured_feedback": true,
  "seeds": [
    0,
    1,
    2,
    3
  ],
  "unoptimized_run_sec": 0.0001912937,
  "trial_results": [
    {
      "seed": 0,
      "baseline_best_run_sec": 1.1053448361053597e-05,
      "transfer_best_run_sec": 1.0314808605471626e-05,
      "baseline_compiled_run_sec": 1.1105800000000001e-05,
      "transfer_compiled_run_sec": 1.05278e-05,
      "measured_improvement": 1.0716096423922157,
      "compiled_improvement": 1.054902258781512
    },
    {
      "seed": 1,
      "baseline_best_run_sec": 1.0392340300313663e-05,
      "transfer_best_run_sec": 9.950318599294405e-06,
      "baseline_compiled_run_sec": 1.20236e-05,
      "transfer_compiled_run_sec": 1.0398499999999999e-05,
      "measured_improvement": 1.04442286913814,
      "compiled_improvement": 1.156282156080204
    },
    {
      "seed": 2,
      "baseline_best_run_sec": 1.0810335879796185e-05,
      "transfer_best_run_sec": 1.1268166417721659e-05,
      "baseline_compiled_run_sec": 1.4126500000000001e-05,
      "transfer_compiled_run_sec": 1.14214e-05,
      "measured_improvement": 0.9593695619186601,
      "compiled_improvement": 1.2368448701560228
    },
    {
      "seed": 3,
      "baseline_best_run_sec": 1.0966333320538979e-05,
      "transfer_best_run_sec": 1.0049870070361067e-05,
      "baseline_compiled_run_sec": 1.19744e-05,
      "transfer_compiled_run_sec": 1.1395299999999999e-05,
      "measured_improvement": 1.0911915521058062,
      "compiled_improvement": 1.0508191973883971
    }
  ],
  "summary": {
    "avg_measured_improvement": 1.0416484063887055,
    "avg_compiled_improvement": 1.124712120601534,
    "median_measured_improvement": 1.0580162557651778,
    "median_compiled_improvement": 1.105592207430858
  }
}