{
  "source_shape": [
    160,
    160,
    160
  ],
  "target_shape": [
    128,
    128,
    128
  ],
  "source_max_trials": 24,
  "target_max_trials": 8,
  "num_trials_per_iter": 4,
  "cost_model": "xgb",
  "transfer_top_k": 3,
  "transfer_min_similarity": 0.1,
  "transfer_warmstart_limit": 1,
  "transfer_enable_max_trials": 0,
  "mcts_max_children_per_node": 4,
  "mcts_expansion_candidates": 4,
  "mcts_use_measured_feedback": true,
  "seeds": [
    0,
    1,
    2,
    3
  ],
  "unoptimized_run_sec": 0.0019161001,
  "trial_results": [
    {
      "seed": 0,
      "baseline_best_run_sec": 1.4186570297169965e-05,
      "transfer_best_run_sec": 1.5450743376277387e-05,
      "baseline_compiled_run_sec": 1.4108399999999999e-05,
      "transfer_compiled_run_sec": 1.7630100000000003e-05,
      "measured_improvement": 0.9181804364799433,
      "compiled_improvement": 0.8002450354790952
    },
    {
      "seed": 1,
      "baseline_best_run_sec": 1.8020824427367188e-05,
      "transfer_best_run_sec": 1.5343204722739756e-05,
      "baseline_compiled_run_sec": 2.48946e-05,
      "transfer_compiled_run_sec": 1.59549e-05,
      "measured_improvement": 1.1745150216668232,
      "compiled_improvement": 1.560310625575842
    },
    {
      "seed": 2,
      "baseline_best_run_sec": 1.7287235095864162e-05,
      "transfer_best_run_sec": 1.891494139272254e-05,
      "baseline_compiled_run_sec": 2.26214e-05,
      "transfer_compiled_run_sec": 2.08911e-05,
      "measured_improvement": 0.9139460036876121,
      "compiled_improvement": 1.0828247435510816
    },
    {
      "seed": 3,
      "baseline_best_run_sec": 1.3195539395383094e-05,
      "transfer_best_run_sec": 1.3530864634958562e-05,
      "baseline_compiled_run_sec": 1.66773e-05,
      "transfer_compiled_run_sec": 1.37658e-05,
      "measured_improvement": 0.9752177522558968,
      "compiled_improvement": 1.2115024190384867
    }
  ],
  "summary": {
    "avg_measured_improvement": 0.9954648035225688,
    "avg_compiled_improvement": 1.1637207059111263,
    "median_measured_improvement": 0.9466990943679201,
    "median_compiled_improvement": 1.1471635812947842
  }
}